name,lables
image_62214.jpg,rose
image_91562.jpg,rose
image_44104.jpg,rose
image_79943.jpg,rose
image_79847.jpg,rose
image_95011.jpg,tulip
image_65106.jpg,rose
image_98101.jpg,rose
image_68285.jpg,rose
image_39940.jpg,rose
image_99291.jpg,rose
image_75084.jpg,sunflower
image_80693.jpg,rose
image_87390.jpg,rose
image_85521.jpg,rose
image_47933.jpg,rose
image_08250.jpg,rose
image_25956.jpg,rose
image_37269.jpg,rose
image_78963.jpg,rose
image_62254.jpg,rose
image_83848.jpg,rose
image_49192.jpg,rose
image_12694.jpg,rose
image_69149.jpg,rose
image_61098.jpg,rose
image_65513.jpg,rose
image_21698.jpg,rose
image_74851.jpg,rose
image_05976.jpg,rose
image_53084.jpg,rose
image_36843.jpg,rose
image_24633.jpg,rose
image_55843.jpg,rose
image_51088.jpg,rose
image_11993.jpg,rose
image_71775.jpg,rose
image_26882.jpg,rose
image_71177.jpg,rose
image_67743.jpg,rose
image_15793.jpg,rose
image_08634.jpg,rose
image_20419.jpg,rose
image_58604.jpg,rose
image_49289.jpg,rose
image_12853.jpg,rose
image_59273.jpg,rose
image_40099.jpg,rose
image_38735.jpg,rose
image_31993.jpg,rose
image_43893.jpg,tulip
image_15385.jpg,rose
image_47670.jpg,rose
image_54212.jpg,rose
image_92530.jpg,rose
image_94930.jpg,rose
image_42399.jpg,rose
image_58644.jpg,rose
image_40116.jpg,rose
image_18562.jpg,rose
image_23664.jpg,rose
image_39813.jpg,rose
image_80148.jpg,rose
image_94992.jpg,rose
image_72789.jpg,rose
image_25109.jpg,rose
image_90473.jpg,rose
image_01274.jpg,rose
image_98555.jpg,rose
image_84325.jpg,rose
image_77538.jpg,fern
image_70139.jpg,rose
image_32795.jpg,rose
image_44052.jpg,tulip
image_29732.jpg,rose
image_73818.jpg,rose
image_43776.jpg,rose
image_35082.jpg,rose
image_98674.jpg,rose
image_60589.jpg,rose
image_67779.jpg,rose
image_67375.jpg,rose
image_60390.jpg,rose
image_00058.jpg,rose
image_24978.jpg,rose
image_15137.jpg,rose
image_41213.jpg,rose
image_11024.jpg,rose
image_62061.jpg,rose
image_78818.jpg,rose
image_45573.jpg,tulip
image_71890.jpg,rose
image_67811.jpg,rose
image_60729.jpg,rose
image_81258.jpg,rose
image_50965.jpg,rose
image_46398.jpg,sunflower
image_74787.jpg,rose
image_46931.jpg,rose
image_88017.jpg,rose
image_89581.jpg,rose
image_37044.jpg,rose
image_53321.jpg,rose
image_52213.jpg,rose
image_42016.jpg,rose
image_58864.jpg,rose
image_83017.jpg,rose
image_36556.jpg,tulip
image_26034.jpg,rose
image_20195.jpg,rose
image_48421.jpg,rose
image_43739.jpg,rose
image_62442.jpg,rose
image_62538.jpg,rose
image_09595.jpg,rose
image_44277.jpg,rose
image_20376.jpg,rose
image_38820.jpg,rose
image_14973.jpg,rose
image_40696.jpg,rose
image_70938.jpg,tulip
image_42770.jpg,tulip
image_83952.jpg,tulip
image_76663.jpg,tulip
image_63601.jpg,tulip
image_99401.jpg,tulip
image_49242.jpg,tulip
image_29606.jpg,tulip
image_65355.jpg,tulip
image_65029.jpg,tulip
image_52684.jpg,tulip
image_77631.jpg,tulip
image_20381.jpg,tulip
image_25514.jpg,tulip
image_58212.jpg,tulip
image_60359.jpg,tulip
image_21299.jpg,tulip
image_33002.jpg,fern
image_67880.jpg,tulip
image_25766.jpg,tulip
image_51021.jpg,tulip
image_55469.jpg,tulip
image_52882.jpg,tulip
image_93279.jpg,tulip
image_75932.jpg,tulip
image_63679.jpg,tulip
image_69077.jpg,tulip
image_84007.jpg,tulip
image_75111.jpg,tulip
image_33195.jpg,tulip
image_06338.jpg,tulip
image_83445.jpg,tulip
image_79623.jpg,tulip
image_98343.jpg,tulip
image_07713.jpg,tulip
image_28638.jpg,tulip
image_98712.jpg,tulip
image_72991.jpg,tulip
image_63211.jpg,tulip
image_13096.jpg,tulip
image_27491.jpg,tulip
image_92344.jpg,tulip
image_35358.jpg,tulip
image_33011.jpg,fern
image_78238.jpg,tulip
image_52536.jpg,tulip
image_84461.jpg,tulip
image_07196.jpg,tulip
image_05927.jpg,tulip
image_45299.jpg,tulip
image_37671.jpg,tulip
image_08265.jpg,tulip
image_72938.jpg,tulip
image_31826.jpg,tulip
image_54256.jpg,sunflower
image_83907.jpg,tulip
image_14989.jpg,rose
image_58472.jpg,tulip
image_25842.jpg,tulip
image_92372.jpg,tulip
image_88899.jpg,tulip
image_67491.jpg,tulip
image_59813.jpg,tulip
image_17665.jpg,tulip
image_55794.jpg,tulip
image_44191.jpg,tulip
image_60178.jpg,cactus
image_34233.jpg,tulip
image_24653.jpg,tulip
image_30429.jpg,tulip
image_73745.jpg,tulip
image_28532.jpg,tulip
image_19312.jpg,tulip
image_87095.jpg,tulip
image_54436.jpg,sunflower
image_69257.jpg,tulip
image_62183.jpg,tulip
image_63926.jpg,tulip
image_15177.jpg,tulip
image_54299.jpg,tulip
image_44275.jpg,tulip
image_94895.jpg,tulip
image_28490.jpg,tulip
image_32850.jpg,tulip
image_95420.jpg,tulip
image_51169.jpg,tulip
image_19095.jpg,tulip
image_19200.jpg,tulip
image_07536.jpg,tulip
image_45142.jpg,tulip
image_58548.jpg,tulip
image_37274.jpg,tulip
image_07061.jpg,tulip
image_94386.jpg,tulip
image_47917.jpg,tulip
image_94495.jpg,tulip
image_67767.jpg,tulip
image_28416.jpg,tulip
image_39949.jpg,tulip
image_62230.jpg,tulip
image_41030.jpg,tulip
image_18990.jpg,tulip
image_69831.jpg,tulip
image_99277.jpg,tulip
image_14438.jpg,tulip
image_42645.jpg,tulip
image_93756.jpg,tulip
image_92088.jpg,tulip
image_01089.jpg,tulip
image_29793.jpg,tulip
image_76080.jpg,tulip
image_21393.jpg,tulip
image_11288.jpg,rose
image_99641.jpg,tulip
image_47113.jpg,tulip
image_64469.jpg,tulip
image_11475.jpg,tulip
image_97122.jpg,tulip
image_99930.jpg,tulip
image_81683.jpg,tulip
image_74130.jpg,sunflower
image_87843.jpg,sunflower
image_02617.jpg,sunflower
image_00694.jpg,sunflower
image_21731.jpg,sunflower
image_64646.jpg,sunflower
image_39231.jpg,sunflower
image_57746.jpg,sunflower
image_79796.jpg,sunflower
image_83128.jpg,sunflower
image_80368.jpg,sunflower
image_90733.jpg,sunflower
image_57342.jpg,sunflower
image_10572.jpg,sunflower
image_19378.jpg,sunflower
image_60959.jpg,sunflower
image_69843.jpg,sunflower
image_91347.jpg,sunflower
image_07078.jpg,sunflower
image_79186.jpg,sunflower
image_78940.jpg,sunflower
image_07680.jpg,sunflower
image_33795.jpg,sunflower
image_39255.jpg,sunflower
image_25770.jpg,sunflower
image_27135.jpg,sunflower
image_47397.jpg,sunflower
image_35950.jpg,sunflower
image_29867.jpg,sunflower
image_62366.jpg,sunflower
image_12705.jpg,sunflower
image_20190.jpg,sunflower
image_16067.jpg,sunflower
image_49143.jpg,sunflower
image_43326.jpg,sunflower
image_37743.jpg,sunflower
image_93031.jpg,sunflower
image_05116.jpg,sunflower
image_23449.jpg,sunflower
image_38721.jpg,sunflower
image_82126.jpg,sunflower
image_71906.jpg,sunflower
image_70609.jpg,sunflower
image_58499.jpg,sunflower
image_14986.jpg,sunflower
image_96497.jpg,sunflower
image_93478.jpg,sunflower
image_73553.jpg,sunflower
image_47162.jpg,sunflower
image_60411.jpg,sunflower
image_00913.jpg,sunflower
image_95378.jpg,sunflower
image_75359.jpg,tulip
image_46013.jpg,sunflower
image_33081.jpg,sunflower
image_93883.jpg,sunflower
image_33417.jpg,sunflower
image_33613.jpg,sunflower
image_37260.jpg,sunflower
image_69429.jpg,sunflower
image_81347.jpg,sunflower
image_70392.jpg,sunflower
image_38242.jpg,sunflower
image_10763.jpg,sunflower
image_69293.jpg,sunflower
image_08704.jpg,sunflower
image_37279.jpg,sunflower
image_93246.jpg,sunflower
image_47713.jpg,sunflower
image_40770.jpg,sunflower
image_49947.jpg,sunflower
image_15028.jpg,sunflower
image_76563.jpg,sunflower
image_26303.jpg,sunflower
image_12673.jpg,sunflower
image_73200.jpg,sunflower
image_33365.jpg,sunflower
image_97031.jpg,sunflower
image_27532.jpg,sunflower
image_89838.jpg,sunflower
image_42860.jpg,sunflower
image_99477.jpg,sunflower
image_42838.jpg,sunflower
image_65725.jpg,sunflower
image_81866.jpg,sunflower
image_53776.jpg,sunflower
image_70984.jpg,sunflower
image_72238.jpg,sunflower
image_28877.jpg,sunflower
image_71052.jpg,sunflower
image_82947.jpg,sunflower
image_78004.jpg,sunflower
image_90234.jpg,sunflower
image_58558.jpg,sunflower
image_79873.jpg,sunflower
image_33068.jpg,sunflower
image_34880.jpg,sunflower
image_88982.jpg,sunflower
image_38349.jpg,sunflower
image_12269.jpg,sunflower
image_39749.jpg,sunflower
image_72126.jpg,sunflower
image_78670.jpg,sunflower
image_58204.jpg,sunflower
image_10986.jpg,sunflower
image_27795.jpg,sunflower
image_12057.jpg,sunflower
image_38598.jpg,sunflower
image_36489.jpg,sunflower
image_91260.jpg,sunflower
image_38611.jpg,sunflower
image_20392.jpg,sunflower
image_75981.jpg,sunflower
image_99829.jpg,sunflower
image_58159.jpg,sunflower
image_53703.jpg,sunflower
image_55234.jpg,sunflower
image_10766.jpg,sunflower
image_07717.jpg,sunflower
image_00472.jpg,sunflower
image_66185.jpg,cactus
image_31140.jpg,cactus
image_29075.jpg,cactus
image_63177.jpg,cactus
image_08692.jpg,cactus
image_87382.jpg,cactus
image_37924.jpg,cactus
image_57391.jpg,cactus
image_27564.jpg,cactus
image_86993.jpg,cactus
image_53768.jpg,cactus
image_30152.jpg,cactus
image_64334.jpg,cactus
image_03802.jpg,cactus
image_96057.jpg,cactus
image_33095.jpg,cactus
image_95645.jpg,cactus
image_38195.jpg,cactus
image_27092.jpg,cactus
image_82328.jpg,cactus
image_48375.jpg,cactus
image_50867.jpg,cactus
image_00292.jpg,cactus
image_93868.jpg,cactus
image_50621.jpg,cactus
image_52242.jpg,cactus
image_46176.jpg,cactus
image_60136.jpg,cactus
image_80788.jpg,cactus
image_47695.jpg,cactus
image_13948.jpg,cactus
image_66332.jpg,cactus
image_40334.jpg,cactus
image_86131.jpg,cactus
image_39469.jpg,cactus
image_84464.jpg,cactus
image_79120.jpg,cactus
image_43089.jpg,cactus
image_59262.jpg,cactus
image_22941.jpg,cactus
image_28690.jpg,cactus
image_35542.jpg,fern
image_68341.jpg,cactus
image_71975.jpg,cactus
image_52303.jpg,cactus
image_72284.jpg,cactus
image_92656.jpg,cactus
image_44818.jpg,cactus
image_03671.jpg,cactus
image_26746.jpg,cactus
image_02250.jpg,cactus
image_40062.jpg,cactus
image_38219.jpg,cactus
image_34045.jpg,cactus
image_52855.jpg,cactus
image_46488.jpg,cactus
image_71786.jpg,cactus
image_87864.jpg,cactus
image_55987.jpg,cactus
image_58814.jpg,cactus
image_19530.jpg,cactus
image_33403.jpg,cactus
image_00698.jpg,cactus
image_43071.jpg,cactus
image_00018.jpg,cactus
image_02420.jpg,cactus
image_65581.jpg,cactus
image_59887.jpg,cactus
image_19161.jpg,cactus
image_13349.jpg,cactus
image_48830.jpg,cactus
image_16028.jpg,cactus
image_44512.jpg,cactus
image_68407.jpg,cactus
image_29495.jpg,cactus
image_78706.jpg,cactus
image_97581.jpg,cactus
image_36983.jpg,cactus
image_23169.jpg,cactus
image_10033.jpg,cactus
image_91688.jpg,cactus
image_60638.jpg,cactus
image_83026.jpg,cactus
image_77180.jpg,cactus
image_54262.jpg,cactus
image_79008.jpg,cactus
image_63087.jpg,cactus
image_11875.jpg,cactus
image_98532.jpg,cactus
image_29156.jpg,cactus
image_47184.jpg,cactus
image_05744.jpg,cactus
image_48084.jpg,cactus
image_84387.jpg,cactus
image_88132.jpg,cactus
image_04678.jpg,cactus
image_45348.jpg,cactus
image_45985.jpg,tulip
image_49671.jpg,fern
image_41461.jpg,cactus
image_17801.jpg,cactus
image_94793.jpg,cactus
image_80698.jpg,cactus
image_97518.jpg,cactus
image_84170.jpg,cactus
image_26796.jpg,cactus
image_94067.jpg,cactus
image_54706.jpg,cactus
image_65939.jpg,cactus
image_77838.jpg,cactus
image_87058.jpg,cactus
image_71060.jpg,cactus
image_59227.jpg,cactus
image_03983.jpg,cactus
image_03914.jpg,cactus
image_56424.jpg,tulip
image_09809.jpg,cactus
image_93166.jpg,cactus
image_59014.jpg,cactus
image_48785.jpg,cactus
image_68940.jpg,fern
image_66210.jpg,fern
image_11384.jpg,fern
image_53535.jpg,fern
image_03489.jpg,fern
image_44931.jpg,fern
image_36474.jpg,fern
image_46747.jpg,sunflower
image_93338.jpg,fern
image_57226.jpg,cactus
image_89609.jpg,fern
image_61647.jpg,fern
image_65828.jpg,fern
image_19473.jpg,fern
image_22209.jpg,fern
image_48929.jpg,fern
image_13074.jpg,fern
image_26990.jpg,fern
image_06920.jpg,fern
image_09500.jpg,fern
image_72032.jpg,fern
image_39032.jpg,fern
image_56952.jpg,fern
image_86949.jpg,fern
image_16132.jpg,fern
image_66213.jpg,fern
image_24177.jpg,fern
image_06989.jpg,fern
image_84121.jpg,fern
image_39247.jpg,fern
image_56004.jpg,fern
image_83303.jpg,fern
image_29015.jpg,fern
image_16542.jpg,fern
image_59050.jpg,fern
image_45156.jpg,fern
image_90421.jpg,cactus
image_23165.jpg,fern
image_41026.jpg,fern
image_24903.jpg,fern
image_19754.jpg,fern
image_23291.jpg,fern
image_11145.jpg,fern
image_69552.jpg,fern
image_96809.jpg,fern
image_00901.jpg,fern
image_66180.jpg,fern
image_54474.jpg,fern
image_61134.jpg,fern
image_31908.jpg,fern
image_45820.jpg,fern
image_20280.jpg,fern
image_90934.jpg,fern
image_83832.jpg,fern
image_02233.jpg,fern
image_43080.jpg,fern
image_49251.jpg,fern
image_86154.jpg,fern
image_49492.jpg,fern
image_41579.jpg,fern
image_43738.jpg,fern
image_96910.jpg,fern
image_00532.jpg,fern
image_99569.jpg,fern
image_06579.jpg,fern
image_23805.jpg,fern
image_15160.jpg,fern
image_03874.jpg,fern
image_47447.jpg,fern
image_45282.jpg,fern
image_47182.jpg,fern
image_73091.jpg,fern
image_49113.jpg,fern
image_51108.jpg,fern
image_78070.jpg,fern
image_96741.jpg,fern
image_18141.jpg,fern
image_07729.jpg,fern
image_56563.jpg,fern
image_57399.jpg,fern
image_77706.jpg,fern
image_46404.jpg,fern
image_01622.jpg,fern
image_06972.jpg,fern
image_62268.jpg,fern
image_25779.jpg,fern
image_91418.jpg,fern
image_03811.jpg,fern
image_88413.jpg,fern
image_65427.jpg,fern
image_04578.jpg,fern
image_64496.jpg,fern
image_14058.jpg,fern
image_87256.jpg,fern
image_26486.jpg,fern
image_50793.jpg,fern
image_93106.jpg,fern
image_24412.jpg,fern
image_75197.jpg,fern
image_55155.jpg,fern
image_07119.jpg,fern
image_28088.jpg,fern
image_87333.jpg,fern
image_21438.jpg,fern
image_99769.jpg,fern
image_19716.jpg,fern
image_72348.jpg,fern
image_41450.jpg,fern
image_68907.jpg,sunflower
image_83466.jpg,fern
image_87512.jpg,fern
image_21511.jpg,fern
image_35293.jpg,fern
image_91443.jpg,fern
image_27242.jpg,fern
image_58364.jpg,fern
image_51853.jpg,fern
image_44601.jpg,fern
image_08599.jpg,cactus
image_52486.jpg,fern
